product_id,product_name,category,brand,price,mrp,margin_percentage,shelf_life_days,predicted_price,profit_margin
153019,Onions,Fruits & Vegetables,Aurora LLC,947.95,1263.93,25.0,3,895.8749283420456,24.999802204235994
11422,Potatoes,Fruits & Vegetables,Ramaswamy-Tata,127.16,169.55,25.0,3,131.55054060377165,25.001474491300506
669378,Potatoes,Fruits & Vegetables,Chadha and Sons,212.14,282.85,25.0,3,210.68023333458402,24.999116139296458
848226,Tomatoes,Fruits & Vegetables,Barad and Sons,209.59,279.45,25.0,3,208.30564414407417,24.99910538557881
890623,Onions,Fruits & Vegetables,"Sangha, Nagar and Varty",354.52,472.69,25.0,3,343.26611919528494,24.999471112145386
965755,Bananas,Fruits & Vegetables,"Doshi, Sarraf and Sama",532.57,710.09,25.0,3,509.0683173797056,24.999647931952286
222892,Tomatoes,Fruits & Vegetables,Ramakrishnan-Ghose,869.22,1158.96,25.0,3,822.5629791279823,25.0
516376,Onions,Fruits & Vegetables,Agarwal-Dhar,877.43,1169.91,25.0,3,830.2105531385948,25.000213691651503
39154,Mangoes,Fruits & Vegetables,"Suresh, Bose and Bajwa",946.86,1262.48,25.0,3,894.8622358931517,25.0
34186,Mangoes,Fruits & Vegetables,Mandal-Kar,925.65,1234.2,25.0,3,875.1112410967936,25.000000000000007
196719,Bananas,Fruits & Vegetables,Yogi Group,217.5,290.0,25.0,3,215.67385472050904,25.0
478531,Carrots,Fruits & Vegetables,Uppal Group,825.46,1100.61,25.0,3,781.8108381673211,24.99977285323592
812607,Potatoes,Fruits & Vegetables,Rege Group,416.65,555.53,25.0,3,401.12228641347116,24.999549979299047
818990,Tomatoes,Fruits & Vegetables,Dugar Group,163.55,218.07,25.0,3,165.43732516951758,25.001146420874026
14145,Spinach,Fruits & Vegetables,"Thakur, Shah and Pingle",630.84,841.12,25.0,3,600.5807943304412,24.999999999999996
349294,Onions,Fruits & Vegetables,Ganesan Ltd,934.75,1246.33,25.0,3,883.58293723823,24.9997994110709
847349,Potatoes,Fruits & Vegetables,Chhabra-Agrawal,781.08,1041.44,25.0,3,740.486002166596,25.0
871592,Carrots,Fruits & Vegetables,"Shankar, Nadkarni and Kumer",870.29,1160.39,25.0,3,823.5617034051673,25.00021544480736
284460,Potatoes,Fruits & Vegetables,"Ramakrishnan, Anand and Khare",505.95,674.6,25.0,3,484.2817966822958,25.000000000000007
473929,Carrots,Fruits & Vegetables,"Bhardwaj, Bhatia and Deshmukh",440.19,586.92,25.0,3,423.04533191056026,24.999999999999993
77308,Onions,Fruits & Vegetables,Ratta-Sagar,223.27,297.69,25.0,3,221.04461674257388,24.999160200208266
654297,Potatoes,Fruits & Vegetables,Chandran-Dass,13.25,17.67,25.0,3,25.4762446465273,25.014148273910592
70969,Carrots,Fruits & Vegetables,Mohan Group,631.7,842.27,25.0,3,601.3839642037018,25.00029681693518
552883,Potatoes,Fruits & Vegetables,"Balan, Patel and Mall",888.16,1184.21,25.0,3,840.1977959104448,24.999788888795067
952124,Onions,Fruits & Vegetables,"Wali, Sood and Bala",127.08,169.44,25.0,3,131.47371565937277,25.0
397973,Bananas,Fruits & Vegetables,"Wable, Randhawa and Mutti",728.73,971.64,25.0,3,691.7370829026003,24.999999999999996
555121,Carrots,Fruits & Vegetables,"Subramanian, Chaudhuri and Dora",354.91,473.21,25.0,3,343.6292916597159,24.999471693328534
818522,Cheese,Dairy & Breakfast,Hora-Roy,96.09,120.11,20.0,7,97.02122013941714,19.998334859711928
462526,Curd,Dairy & Breakfast,Pau and Sons,449.97,562.46,20.0,7,405.96225791059857,19.999644419158695
376447,Butter,Dairy & Breakfast,Gara and Sons,724.84,906.05,20.0,7,645.9284637833242,19.999999999999993
217710,Eggs,Dairy & Breakfast,Rout-Sarna,58.59,73.24,20.0,7,64.28680973965389,20.002730748225
146840,Bread,Dairy & Breakfast,"Bains, Deol and Vaidya",786.85,983.56,20.0,7,700.0621132410935,19.99979665704176
89084,Milk,Dairy & Breakfast,"Wali, Virk and Iyer",598.83,748.54,20.0,7,535.9221274900298,20.00026718679028
888807,Bread,Dairy & Breakfast,Arya Group,230.58,288.23,20.0,7,214.43767152427307,20.00138778059189
136533,Eggs,Dairy & Breakfast,"Raghavan, Magar and Shanker",826.21,1032.76,20.0,7,734.4238156449414,19.999806344165144
714999,Bread,Dairy & Breakfast,Kala Group,882.51,1103.14,20.0,7,783.5778118884947,20.000181300650876
382511,Butter,Dairy & Breakfast,Bora-Thakkar,702.54,878.17,20.0,7,626.4568324211436,19.999544507327737
15314,Cheese,Dairy & Breakfast,Banik-Ratta,578.85,723.56,20.0,7,518.4758810256371,19.999723588921434
67197,Butter,Dairy & Breakfast,Shetty-Bora,552.2,690.25,20.0,7,495.21189104449536,19.999999999999993
880510,Bread,Dairy & Breakfast,Roy-Char,951.43,1189.29,20.0,7,843.7457115245006,20.00016816756216
41853,Curd,Dairy & Breakfast,Handa PLC,910.44,1138.05,20.0,7,807.9592556063468,19.999999999999993
257719,Eggs,Dairy & Breakfast,Chaudhuri PLC,281.73,352.16,20.0,7,259.086932391712,19.99943207632894
891833,Curd,Dairy & Breakfast,Mani PLC,493.19,616.49,20.0,7,443.6972737821413,20.00032441726549
741341,Eggs,Dairy & Breakfast,Prasad LLC,923.84,1154.8,20.0,7,819.6575994125349,19.999999999999993
500739,Bread,Dairy & Breakfast,Aggarwal Group,359.98,449.98,20.0,7,327.4052602198503,20.00088892839682
500633,Cereal,Dairy & Breakfast,Trivedi-Ahluwalia,154.5,193.12,20.0,7,148.0120309626882,19.997928748964377
799952,Cheese,Dairy & Breakfast,Padmanabhan-Virk,922.64,1153.3,20.0,7,818.6099865343688,20.0
798639,Eggs,Dairy & Breakfast,Subramaniam LLC,211.25,264.06,20.0,7,197.55713601409005,19.999242596379613
329351,Cheese,Dairy & Breakfast,"Lala, Kalita and Sathe",310.87,388.59,20.0,7,284.5299571594392,20.00051468128361
833557,Cereal,Dairy & Breakfast,"Gole, Chand and Dada",422.87,528.59,20.0,7,382.3071591216081,20.000378365084472
324809,Bread,Dairy & Breakfast,Sidhu PLC,608.0,760.0,20.0,7,543.9258898792187,20.0
337168,Eggs,Dairy & Breakfast,Dasgupta PLC,545.49,681.86,20.0,7,489.3522430126197,19.999706684656672
659290,Cheese,Dairy & Breakfast,Kapadia-D’Alia,319.34,399.17,20.0,7,291.91911999343745,19.998997920685433
883013,Eggs,Dairy & Breakfast,Chahal Group,989.88,1237.35,20.0,7,877.3112281409423,19.999999999999996
839170,Curd,Dairy & Breakfast,Shetty and Sons,481.63,602.04,20.0,7,433.60526972247453,20.000332203840273
455083,Butter,Dairy & Breakfast,Dutta Inc,959.01,1198.76,20.0,7,850.359640828656,19.999833160932965
183929,Bread,Dairy & Breakfast,"Nagi, Sampath and Khurana",738.74,923.42,20.0,7,658.0598209124876,19.99956682766238
592784,Biscuits,Snacks & Munchies,"Andra, Mander and Kari",280.35,431.31,35.0,90,314.3659719296096,35.00034777770049
578097,Nuts,Snacks & Munchies,Jha Group,267.61,411.71,35.0,90,300.677163654906,35.000364334118665
487065,Chips,Snacks & Munchies,Kadakia-Yadav,374.68,576.43,35.0,90,415.71902584925203,34.999913259198856
734789,Popcorn,Snacks & Munchies,"Chaudhari, Pant and Singh",395.82,608.95,35.0,90,438.43127304789306,34.99958945726251
949818,Biscuits,Snacks & Munchies,Yohannan Inc,483.05,743.15,35.0,90,532.1577052144863,34.99966359415999
690565,Cookies,Snacks & Munchies,"Roy, Seth and Patla",951.27,1463.49,35.0,90,1035.249345653263,34.99989750527848
961614,Chocolates,Snacks & Munchies,Goda Inc,227.22,349.57,35.0,90,257.2780541554119,35.000143032868955
361361,Biscuits,Snacks & Munchies,"Kunda, Dave and Sahni",826.21,1271.09,35.0,90,900.875533813825,34.99988199104705
291238,Chocolates,Snacks & Munchies,"Sinha, Pau and Chhabra",746.03,1147.74,35.0,90,814.7268347992999,35.0000871277467
654623,Chips,Snacks & Munchies,Pradhan and Sons,422.14,649.45,35.0,90,466.7168207583776,35.000384941104016
313754,Biscuits,Snacks & Munchies,"Swaminathan, Mahal and Dara",136.6,210.15,35.0,90,159.9059291728006,34.99881037354271
563740,Chips,Snacks & Munchies,Mann-Kapadia,96.33,148.2,35.0,90,116.63951730454086,35.0
378230,Nuts,Snacks & Munchies,Kala-Vig,166.42,256.03,35.0,90,191.9489150729742,34.999804710385504
658389,Popcorn,Snacks & Munchies,"Chanda, Som and Vohra",152.55,234.69,35.0,90,177.0448758595979,34.99936085900549
990993,Chocolates,Snacks & Munchies,Guha-Subramaniam,263.7,405.69,35.0,90,296.47274397053275,34.99963025955779
762527,Biscuits,Snacks & Munchies,"Chad, Yohannan and Chopra",690.08,1061.66,35.0,90,754.6078237642749,34.99990580788577
952168,Popcorn,Snacks & Munchies,"Krishnamurthy, Sibal and Das",236.95,364.54,35.0,90,267.7332306795096,35.000274318318986
542300,Popcorn,Snacks & Munchies,Gulati-Tandon,255.35,392.85,35.0,90,287.50517773343097,35.00063637520683
602241,Nuts,Snacks & Munchies,Bahl-Pau,976.55,1502.38,35.0,90,1062.4104555411827,34.99980031683064
587420,Cookies,Snacks & Munchies,Raj and Sons,357.42,549.88,35.0,90,397.1762779057122,35.00036371571979
491521,Nuts,Snacks & Munchies,Karpe Inc,556.35,855.92,35.0,90,610.9172413950133,34.999766333302176
914071,Chips,Snacks & Munchies,Datta Ltd,296.94,456.83,35.0,90,332.1893590301421,34.999890550095216
832348,Biscuits,Snacks & Munchies,Jani-Ram,831.43,1279.12,35.0,90,906.4837547549408,34.99984364250422
567671,Biscuits,Snacks & Munchies,Nagar LLC,418.48,643.82,35.0,90,462.7847804223275,35.00046596874903
481843,Chocolates,Snacks & Munchies,"Taneja, Kala and Kota",297.68,457.97,35.0,90,332.9855448175484,35.00010917745704
991434,Cookies,Snacks & Munchies,Mital-Oza,237.62,365.57,35.0,90,268.4525915225169,35.0001367727111
540618,Popcorn,Snacks & Munchies,Golla-Luthra,317.05,487.77,35.0,90,353.79812066378145,35.00010250732927
319388,Orange Juice,Cold Drinks & Juices,D’Alia-Dey,657.8,939.71,30.0,180,669.4368967693714,29.999680752572612
171602,Cola,Cold Drinks & Juices,Pal-Sehgal,883.44,1262.06,30.0,180,894.5689042872651,30.0001584710711
60619,Iced Tea,Cold Drinks & Juices,Bhasin LLC,726.41,1037.73,30.0,180,737.8949063145985,30.000096364179512
962591,Orange Juice,Cold Drinks & Juices,Murthy-Kaul,130.01,185.73,30.0,180,142.85079151625655,30.000538415980188
107548,Cola,Cold Drinks & Juices,"Bhandari, Bhasin and Palan",891.6,1273.71,30.0,180,902.7053643076886,29.99976446757896
687218,Mango Drink,Cold Drinks & Juices,"Sankaran, Pall and Gola",317.82,454.03,30.0,180,330.23381499089874,30.000220249763228
328457,Mango Drink,Cold Drinks & Juices,Hayre-Shere,858.57,1226.53,30.0,180,869.7544472464376,30.00008153082272
194682,Iced Tea,Cold Drinks & Juices,Sastry-Issac,912.29,1303.27,30.0,180,923.350322093415,29.99992326992872
681063,Mango Drink,Cold Drinks & Juices,Dass and Sons,321.28,458.97,30.0,180,333.6839534029924,29.999782120835793
679321,Cola,Cold Drinks & Juices,Khurana-Dewan,738.46,1054.94,30.0,180,749.9145180700908,29.999810415758244
300159,Cola,Cold Drinks & Juices,"Basu, Rout and Mistry",44.35,63.36,30.0,180,57.386532915466546,30.003156565656564
378287,Lemonade,Cold Drinks & Juices,Ramesh-Jain,332.84,475.49,30.0,180,345.22166323452836,30.000630928095234
118820,Iced Tea,Cold Drinks & Juices,"Warrior, Ravel and Amble",12.32,17.6,30.0,180,25.42735604554621,30.000000000000004
667163,Orange Juice,Cold Drinks & Juices,Palla LLC,441.2,630.29,30.0,180,453.3353122612693,30.000475971378254
228286,Cola,Cold Drinks & Juices,Bhattacharyya PLC,179.08,255.83,30.0,180,191.80923335588542,30.000390884571786
561860,Orange Juice,Cold Drinks & Juices,Gupta Ltd,874.78,1249.69,30.0,180,885.9295900853222,30.00024005953477
712003,Cola,Cold Drinks & Juices,"Karan, Bandi and Acharya",671.68,959.54,30.0,180,683.2863390187272,29.99979156679242
712307,Orange Juice,Cold Drinks & Juices,Chana LLC,264.89,378.41,30.0,180,277.4201577596187,29.999207209111816
513199,Cola,Cold Drinks & Juices,Rastogi Inc,422.23,603.19,30.0,180,434.4084395957353,30.000497355725397
962054,Orange Juice,Cold Drinks & Juices,Toor-Nagar,16.86,24.09,30.0,180,29.960027765078184,30.012453300124537
378676,Orange Juice,Cold Drinks & Juices,Baral-Kamdar,881.42,1259.17,30.0,180,892.5505034753319,29.99992058260601
890232,Mango Drink,Cold Drinks & Juices,Jha Group,432.0,617.14,30.0,180,444.1512393626799,29.999675924425574
532965,Frozen Pizza,Instant & Frozen Food,Sachdev Inc,307.23,512.05,40.0,180,370.75548111836326,39.99999999999999
365132,Instant Noodles,Instant & Frozen Food,Dar-Kumar,229.38,382.3,40.0,180,280.1369671569961,40.0
689769,Frozen Vegetables,Instant & Frozen Food,Kothari-Datta,46.62,77.7,40.0,180,67.40171203073442,40.00000000000001
969851,Frozen Vegetables,Instant & Frozen Food,"Kara, Sodhi and Bassi",340.66,567.77,40.0,180,409.6708074993065,40.000352255314645
305754,Frozen Vegetables,Instant & Frozen Food,Mammen-Hegde,979.99,1633.32,40.0,180,1153.860075719228,40.00012244997918
398340,Instant Noodles,Instant & Frozen Food,"Nadig, Zachariah and Soni",651.93,1086.55,40.0,180,771.9912134559776,40.0
491314,Ice Cream,Instant & Frozen Food,Banerjee Inc,973.44,1622.4,40.0,180,1146.2334539661788,40.0
33955,Frozen Pizza,Instant & Frozen Food,Baral Group,186.08,310.13,40.0,180,229.73281954549805,39.99935510914777
470449,Frozen Biryani,Instant & Frozen Food,Kohli-Sawhney,827.77,1379.62,40.0,180,976.6738175920692,40.0001449674548
954722,Ice Cream,Instant & Frozen Food,Mohan-Virk,616.45,1027.42,40.0,180,730.6943137986702,40.00019466235814
623234,Frozen Biryani,Instant & Frozen Food,Chakrabarti-Batra,329.79,549.65,40.0,180,397.01564393106,39.99999999999999
131937,Frozen Pizza,Instant & Frozen Food,"Varkey, Devi and Ganguly",287.81,479.68,40.0,180,348.14799520753894,39.999583055370245
606256,Frozen Biryani,Instant & Frozen Food,Agate Ltd,369.28,615.47,40.0,180,442.98489702498836,40.000324954912514
652118,Frozen Biryani,Instant & Frozen Food,Agate and Sons,22.04,36.73,40.0,180,38.78791228509114,39.994554859787634
187399,Frozen Pizza,Instant & Frozen Food,Chauhan Inc,53.49,89.15,40.0,180,75.39849033406895,40.0
925482,Frozen Biryani,Instant & Frozen Food,Viswanathan-Sha,475.04,791.73,40.0,180,566.0863942953589,39.99974738862996
611575,Frozen Pizza,Instant & Frozen Food,"Bhat, Nigam and Hayer",482.06,803.43,40.0,180,574.2577747450545,39.99975106729895
621677,Frozen Biryani,Instant & Frozen Food,Sabharwal-Mital,317.8,529.67,40.0,180,383.06144039388766,40.000377593596006
306177,Frozen Biryani,Instant & Frozen Food,Som Inc,769.24,1282.07,40.0,180,908.5440600820008,40.00015599772243
272170,Ice Cream,Instant & Frozen Food,Purohit Group,140.8,234.67,40.0,180,177.03090768788903,40.000852260621286
721521,Rice,Grocery & Staples,"Ramanathan, Agarwal and Baria",417.39,491.05,15.0,365,356.088900824038,15.000509113124942
692985,Pulses,Grocery & Staples,"Wable, Sankaran and Hari",197.39,232.22,15.0,365,175.31980665355107,14.998708121608825
487931,Sugar,Grocery & Staples,"Bahl, Jaggi and Nath",709.08,834.21,15.0,365,595.7547910050228,14.999820189161001
901144,Sugar,Grocery & Staples,Deo-Kamdar,340.36,400.42,15.0,365,292.79213072524254,14.999250786673993
764014,Salt,Grocery & Staples,"Grewal, Swamy and Dayal",612.04,720.05,15.0,365,516.0244668907285,15.00034719811124
53833,Rice,Grocery & Staples,Tella-Master,134.69,158.46,15.0,365,123.80518939119698,15.000631074088103
876139,Pulses,Grocery & Staples,Cherian-Dara,415.75,489.12,15.0,365,354.7409722541309,15.000408897612038
903336,Pulses,Grocery & Staples,"Vaidya, Amble and Palla",551.88,649.27,15.0,365,466.59110721299766,14.99992299043541
120532,Wheat Flour,Grocery & Staples,Nazareth Ltd,697.53,820.62,15.0,365,586.2634183288379,14.999634422753532
945635,Pulses,Grocery & Staples,Balasubramanian PLC,778.9,916.35,15.0,365,653.122072213398,14.999727178479844
760684,Rice,Grocery & Staples,Kanda-Gupta,71.6,84.24,15.0,365,71.96930417953858,15.004748338081672
354409,Pulses,Grocery & Staples,Bose-Pandit,325.08,382.45,15.0,365,280.2417284448127,15.000653680219639
937542,Wheat Flour,Grocery & Staples,Khurana and Sons,97.04,114.16,15.0,365,92.86568905602496,14.996496145760329
490602,Sugar,Grocery & Staples,Raghavan Inc,549.47,646.44,15.0,365,464.614610916191,15.000618773590746
131136,Salt,Grocery & Staples,Deshpande-Rama,37.8,44.47,15.0,365,44.193594736428196,14.998875646503265
287070,Wheat Flour,Grocery & Staples,"Gala, Magar and Rajagopal",443.17,521.38,15.0,365,377.2716332205564,15.000575396064287
679865,Wheat Flour,Grocery & Staples,Memon-Barad,347.91,409.31,15.0,365,299.0009830498402,15.000855097603278
317242,Pulses,Grocery & Staples,Rastogi Group,198.15,233.12,15.0,365,175.94837438045073,15.000857927247768
644847,Salt,Grocery & Staples,"Jhaveri, Kata and Kapur",622.81,732.72,15.0,365,524.8733036683047,15.000272955562846
327290,Sugar,Grocery & Staples,Nadkarni Inc,862.28,1014.45,15.0,365,721.6359544454607,15.000246438957078
993331,Pulses,Grocery & Staples,"Parmer, Gola and Yogi",102.44,120.52,15.0,365,97.3075676594492,15.001659475605708
807452,Pulses,Grocery & Staples,Naik Ltd,144.19,169.64,15.0,365,131.6133973764616,15.002357934449417
451933,Wheat Flour,Grocery & Staples,Nadig Ltd,568.94,669.34,15.0,365,480.60816752286,14.999850599097615
461804,Sugar,Grocery & Staples,"Ghose, Ben and Divan",310.69,365.52,15.0,365,268.4176710932447,15.000547165681766
36412,Dish Soap,Household Care,Muni-Shankar,397.68,530.24,25.0,365,383.45953328759083,25.0
94225,Toilet Cleaner,Household Care,"Gulati, Ram and Sarkar",77.11,102.81,25.0,365,84.93875161123485,24.997568329929
704868,Detergent,Household Care,"Parikh, Oak and Kara",193.46,257.95,25.0,365,193.2898595570268,25.00096918007365
18035,Dish Soap,Household Care,Ramesh Inc,968.94,1291.92,25.0,365,915.423384648625,25.0
435929,Toilet Cleaner,Household Care,Memon Ltd,856.89,1142.52,25.0,365,811.0811419832819,25.0
820541,Toilet Cleaner,Household Care,"Borde, Peri and Upadhyay",576.22,768.29,25.0,365,549.71569705255,24.999674602038287
552496,Dish Soap,Household Care,Dhar PLC,508.0,677.33,25.0,365,486.1884521205581,24.999630903695397
455755,Detergent,Household Care,Mangal-Sathe,44.09,58.79,25.0,365,54.19480567998718,25.004252423881606
91670,Dish Soap,Household Care,Barman-Ahluwalia,439.24,585.65,25.0,365,422.15835300704634,24.999573123879447
336847,Toilet Cleaner,Household Care,"Dayal, Mammen and More",936.98,1249.31,25.0,365,885.6641948228533,25.00020011046097
144124,Detergent,Household Care,Lalla-Srinivasan,162.67,216.89,25.0,365,164.61320303869357,24.998847341970585
747801,Toilet Cleaner,Household Care,Saha-Vora,277.76,370.35,25.0,365,271.79098456093953,25.000675037127053
589812,Detergent,Household Care,Bir PLC,163.03,217.37,25.0,365,164.94843915970674,24.998849887288955
677542,Toilet Cleaner,Household Care,Thaman-Lanka,212.61,283.48,25.0,365,211.12023074341377,25.0
604184,Toilet Cleaner,Household Care,"Gaba, Sodhi and Choudhary",397.55,530.07,25.0,365,383.34080382806536,25.000471635821693
697683,Toilet Cleaner,Household Care,"Murty, Varghese and Saxena",123.74,164.99,25.0,365,128.3657974541467,25.001515243348088
894539,Dish Soap,Household Care,"Pall, Sule and Sood",445.48,593.97,25.0,365,427.96911243794096,24.999579103321718
739534,Toilet Cleaner,Household Care,"Gera, Narang and Karpe",994.56,1326.08,25.0,365,939.281021927394,25.0
968887,Dish Soap,Household Care,Keer-Gill,40.7,54.27,25.0,365,51.03799887378001,25.004606596646394
709916,Detergent,Household Care,Varkey LLC,33.76,45.01,25.0,365,44.57073537256798,24.99444567873806
739448,Dish Soap,Household Care,Mand-Choudhry,755.66,1007.55,25.0,365,716.8169352058966,25.000248126643836
700048,Dish Soap,Household Care,Khalsa-Bhavsar,141.28,188.37,25.0,365,144.6945901818289,24.998672824759783
897083,Detergent,Household Care,Dutta-Halder,972.69,1296.92,25.0,365,918.9154275758452,25.0
448752,Toilet Cleaner,Household Care,Batta-Doctor,160.07,213.43,25.0,365,162.19670933305713,25.001171344234653
365133,Dish Soap,Household Care,Hans Inc,915.45,1220.6,25.0,365,865.6128843347542,24.999999999999993
133542,Detergent,Household Care,Edwin-Lall,68.49,91.32,25.0,365,76.91403696448255,25.0
767398,Dish Soap,Household Care,"Arya, Sundaram and Pingle",22.14,29.52,25.0,365,33.75238638403945,24.999999999999996
863930,Shampoo,Personal Care,"Sathe, Agarwal and Dhar",242.57,373.18,35.0,365,273.76748085774625,34.99919609839756
473647,Toothpaste,Personal Care,Ben-Ravi,43.05,66.23,35.0,365,59.39096555569101,34.99924505511098
9436,Toothpaste,Personal Care,Naidu PLC,88.43,136.05,35.0,365,108.15385299139551,35.00183755972069
385113,Lotion,Personal Care,"Sampath, Mane and Mody",816.38,1255.97,35.0,365,890.3155960019109,35.00003980986807
112390,Toothpaste,Personal Care,"Kibe, Contractor and Randhawa",877.98,1350.74,35.0,365,956.5037776444447,35.00007403349275
647462,Lotion,Personal Care,"Balan, Samra and Sekhon",326.42,502.18,35.0,365,363.8621883800304,34.999402604643755
34200,Lotion,Personal Care,Munshi-Grewal,319.8,492.0,35.0,365,356.75238898020984,35.0
753354,Shampoo,Personal Care,Sant-Mahajan,423.56,651.63,35.0,365,468.2393514746456,34.99992326933996
490939,Lotion,Personal Care,"Roy, Barad and De",80.25,123.46,35.0,365,99.36088890065474,34.99919002105945
672059,Toothpaste,Personal Care,Kaur-Gola,672.73,1034.97,35.0,365,735.9672986187728,35.000048310579054
803607,Soap,Personal Care,"Kadakia, Mohan and Sathe",949.73,1461.12,35.0,365,1033.5941173057604,34.99986311870346
124290,Lotion,Personal Care,Sachdev Group,39.65,61.0,35.0,365,55.73828865381856,35.0
140489,Soap,Personal Care,"Biswas, Kapoor and Patel",650.2,1000.31,35.0,365,711.7604570472815,35.0001499535144
799688,Lotion,Personal Care,Arora LLC,309.62,476.34,35.0,365,345.81531053215576,35.000209934080694
859361,Shampoo,Personal Care,Mitter Group,432.39,665.22,35.0,365,477.7307241508305,35.00045097862362
492958,Lotion,Personal Care,Acharya PLC,84.2,129.54,35.0,365,103.60721310015465,35.00077196232823
63769,Lotion,Personal Care,Dalal-Shan,878.07,1350.88,35.0,365,956.601554846407,35.00014805164041
684939,Lotion,Personal Care,"Sibal, Bhatnagar and Rajan",727.95,1119.92,35.0,365,795.297107952246,34.99982141581541
219598,Shampoo,Personal Care,Arora-Magar,367.08,564.74,35.0,365,407.554629485411,35.000177072635196
140154,Shampoo,Personal Care,Malhotra LLC,171.2,263.38,35.0,365,197.0822181759881,34.998860961348626
449106,Soap,Personal Care,"Shere, Thakur and Naik",48.55,74.69,35.0,365,65.29950218854779,34.99799169902263
256051,Lotion,Personal Care,"Mannan, Naidu and Sama",400.92,616.8,35.0,365,443.91378044362887,34.99999999999999
615545,Soap,Personal Care,Barman Inc,448.16,689.48,35.0,365,494.67411643370343,35.00029007367871
366066,Soap,Personal Care,Mandal LLC,918.58,1413.2,35.0,365,1000.126377891281,35.0
600767,Toothpaste,Personal Care,Balan Group,722.42,1111.42,35.0,365,789.3606349759715,35.00026992496087
784827,Baby Wipes,Baby Care,Balakrishnan Ltd,274.25,391.79,30.0,365,286.7648646328603,30.000765716327628
6405,Baby Food,Baby Care,Kashyap-Reddy,236.51,337.87,30.0,365,249.10667370571636,29.99970402817652
853932,Baby Wipes,Baby Care,Ranganathan-Peri,941.19,1344.56,30.0,365,952.1876125864004,30.00014874754566
970529,Diapers,Baby Care,"Kurian, Patla and Sanghvi",827.44,1182.06,30.0,365,838.69621745174,30.00016919614909
51036,Baby Food,Baby Care,Karnik PLC,931.61,1330.87,30.0,365,942.6263990516711,29.999924861181025
820973,Baby Wipes,Baby Care,Lall LLC,114.52,163.6,30.0,365,127.39500952037945,30.0
367391,Baby Wipes,Baby Care,Talwar and Sons,939.55,1342.21,30.0,365,950.5463524106069,29.99977648803094
433521,Diapers,Baby Care,Mahal Group,321.33,459.04,30.0,365,333.73284200397353,29.9995643081213
927651,Baby Wipes,Baby Care,Narula Group,426.72,609.6,30.0,365,438.8852386284317,30.0
930284,Baby Food,Baby Care,"Garg, Saraf and Dutta",189.47,270.67,30.0,365,202.17361676387532,29.999630546421844
4452,Baby Wipes,Baby Care,Morar-Mistry,169.88,242.69,30.0,365,182.63214454315042,30.00123614487618
82484,Baby Food,Baby Care,Mallick PLC,914.88,1306.97,30.0,365,925.9344338595581,29.999923487149672
440875,Baby Wipes,Baby Care,Loyal Inc,275.03,392.9,30.0,365,287.54009816270315,30.000000000000004
432617,Baby Wipes,Baby Care,Dora-Pillai,863.18,1233.11,30.0,365,874.3499757386595,29.99975671270203
953175,Baby Food,Baby Care,Sehgal-Nagarajan,225.21,321.73,30.0,365,237.8343591366492,30.00031081963137
57405,Baby Food,Baby Care,Srinivas PLC,607.67,868.1,30.0,365,619.423857965722,30.000000000000004
707935,Cat Food,Pet Care,"Anne, Mammen and Khatri",820.9,1262.92,35.0,365,895.1695356707471,34.99984163684161
942001,Cat Food,Pet Care,Acharya Ltd,671.55,1033.15,35.0,365,734.6961949932647,34.99975802158449
585299,Pet Treats,Pet Care,"Sharma, Chandra and Prashad",799.46,1229.94,35.0,365,872.1360205228019,35.000081304779094
120385,Pet Treats,Pet Care,Dubey-Sarin,597.91,919.86,35.0,365,655.5734863483067,34.999891287804665
52729,Cat Food,Pet Care,Saini LLC,316.02,486.18,35.0,365,352.68765101292536,34.99938294458843
661577,Cat Food,Pet Care,Majumdar PLC,720.95,1109.15,35.0,365,787.7752474870135,34.999774602172835
951463,Pet Treats,Pet Care,Balakrishnan-Kaur,787.4,1211.38,35.0,365,859.1735571769601,34.99975234856115
373536,Dog Food,Pet Care,Chauhan-Sabharwal,494.17,760.26,35.0,365,544.1074761114343,34.99986846605109
243235,Cat Food,Pet Care,Batta Inc,109.03,167.74,35.0,365,130.28642106411786,35.00059616072493
564692,Cat Food,Pet Care,"Krishna, Bail and Dyal",215.65,331.77,35.0,365,244.84638133450756,35.000150706814956
131748,Dog Food,Pet Care,"Shroff, Wason and Dugar",81.35,125.15,35.0,365,100.54119941005521,34.99800239712346
256783,Pet Treats,Pet Care,"Basu, Thakur and Rege",906.54,1394.68,35.0,365,987.1918508888568,35.000143402070734
186168,Dog Food,Pet Care,"Parekh, Lad and Kadakia",878.8,1352.0,35.0,365,957.3837724621043,35.0
537274,Pet Treats,Pet Care,Lal-Chauhan,702.71,1081.09,35.0,365,768.177902579453,34.99986125114467
525531,Dog Food,Pet Care,Sandal PLC,831.1,1278.62,35.0,365,906.1345504622188,35.00023462795826
913428,Pet Treats,Pet Care,Narayanan-Kumar,392.22,603.42,35.0,365,434.56907357038733,35.000497166152925
757274,Pet Treats,Pet Care,"Minhas, Kapoor and Sethi",98.32,151.26,35.0,365,118.7766475759997,34.99933888668518
726958,Cat Food,Pet Care,Doctor-Patla,887.48,1365.35,35.0,365,966.7075270777824,34.99981689676639
642612,Pet Treats,Pet Care,Pillay-Ahuja,517.03,795.43,35.0,365,568.6705060615019,34.999937140917496
613942,Pet Treats,Pet Care,"Dyal, Saraf and Goel",545.0,838.46,35.0,365,598.72302749316,34.999880733726116
784673,Dog Food,Pet Care,Ramanathan Group,491.39,755.98,35.0,365,541.1182873657336,34.999603164104876
425341,Pet Treats,Pet Care,"Mani, Dhar and Muni",486.28,748.12,35.0,365,535.6287958841433,34.999732663209116
771228,Pet Treats,Pet Care,Raja and Sons,83.18,127.97,35.0,365,102.51071162100747,35.000390716574195
760828,Pet Treats,Pet Care,"Khurana, Khosla and Yohannan",563.45,866.85,35.0,365,618.5508472339169,35.00028840053066
723678,Dog Food,Pet Care,"Lall, Datta and Swamy",675.46,1039.17,35.0,365,738.9006146776379,35.000048115322805
451812,Pain Reliever,Pharmacy,"Batra, Sant and Mandal",530.85,663.56,20.0,365,476.5713658989933,19.99969859545481
677169,Cough Syrup,Pharmacy,Char-Divan,261.03,326.29,20.0,365,241.01910228627412,20.000612951668774
274207,Cough Syrup,Pharmacy,"Savant, Batta and Mander",328.51,410.64,20.0,365,299.92986646848084,20.000487044613287
706112,Vitamins,Pharmacy,"Magar, Gara and Garg",478.79,598.49,20.0,365,431.1259192441481,20.00033417433875
557908,Vitamins,Pharmacy,Sundaram Inc,942.37,1177.96,20.0,365,835.8327422514195,19.999830214947877
587645,Vitamins,Pharmacy,"Sura, Pillay and Mammen",801.81,1002.26,20.0,365,713.1223537888975,19.999800450980786
837480,Cough Syrup,Pharmacy,Edwin and Sons,217.4,271.75,20.0,365,202.9278980361549,20.0
566052,Pain Reliever,Pharmacy,"Apte, Soman and Raju",87.3,109.12,20.0,365,89.34570978538689,19.996334310850447
137909,Cough Syrup,Pharmacy,Dalal PLC,864.3,1080.37,20.0,365,767.6750483979332,19.999629756472316
799459,Vitamins,Pharmacy,"Garg, Kari and Kapur",852.02,1065.02,20.0,365,756.9544766113669,19.999624420198682
264803,Vitamins,Pharmacy,Gole-Doshi,995.98,1244.97,20.0,365,882.6331015620261,19.99967870711744
851978,Vitamins,Pharmacy,Parsa-Bala,715.72,894.65,20.0,365,637.9666059092618,19.999999999999996
992178,Pain Reliever,Pharmacy,Basu and Sons,632.43,790.54,20.0,365,565.2552880786805,20.00025299162598
56589,Vitamins,Pharmacy,"Pai, Kashyap and Ramachandran",517.77,647.21,20.0,365,465.1523855269829,19.999690981288925
26060,Vitamins,Pharmacy,Shah and Sons,342.94,428.67,20.0,365,312.5221732640373,19.999066881283976
33797,Pain Reliever,Pharmacy,Gaba LLC,888.12,1110.15,20.0,365,788.4736560724576,20.000000000000007
123983,Cough Syrup,Pharmacy,Kurian-Chhabra,785.67,982.09,20.0,365,699.0354526204908,20.000203647323573
237083,Cough Syrup,Pharmacy,Hayer-Banerjee,577.13,721.41,20.0,365,516.9743025669324,19.999722765140486
154179,Pain Reliever,Pharmacy,"Barad, Devi and Andra",582.87,728.59,20.0,365,521.9888762104208,20.000274502806796
298985,Vitamins,Pharmacy,"Ramanathan, Joshi and Srinivasan",183.76,229.7,20.0,365,173.55981701823202,20.0
444361,Pain Reliever,Pharmacy,"Prakash, Bawa and Kale",822.63,1028.29,20.0,365,731.3019292680065,20.000194497661163
679284,Cough Syrup,Pharmacy,Pant LLC,877.89,1097.36,20.0,365,779.5410102646279,19.999817744404748
240179,Cough Syrup,Pharmacy,Ram-Suri,90.56,113.2,20.0,365,92.19521681399866,20.0
673058,Cough Syrup,Pharmacy,Balan-Madan,765.76,957.2,20.0,365,681.652062928788,20.000000000000004
114414,Vitamins,Pharmacy,Kara-Golla,832.06,1040.07,20.0,365,739.5291824045376,19.999615410501217
